query,locale,landing,position,found_url,landing_matches
healthcare system in tenerife,en,/en/blog/private-vs-public-healthcare-spain/,19,https://segurotenerife.com/en/blog/private-vs-public-healthcare-spain/,да
public/state medical centres in tenerife,en,/en/blog/private-vs-public-healthcare-spain/,28,https://segurotenerife.com/en/blog/private-vs-public-healthcare-spain/,да
private healthcare canary islands,en,/en/blog/private-healthcare-tenerife/,40,https://segurotenerife.com/en/blog/private-vs-public-healthcare-spain/,нет
dnv spain insurance 2026,en,/en/blog/digital-nomad-visa-insurance/,51,https://segurotenerife.com/en/blog/digital-nomad-visa-insurance/,да
travel insurance tenerife,en,/en/blog/travel-insurance-tenerife/,52,https://segurotenerife.com/,нет
travel insurance for tenerife,en,/en/blog/travel-insurance-tenerife/,52,https://segurotenerife.com/,нет
tenerife travel insurance,en,/en/blog/travel-insurance-tenerife/,69,https://segurotenerife.com/,нет
digital nomad visa spain insurance requirements,en,/en/blog/digital-nomad-visa-insurance/,79,https://segurotenerife.com/en/blog/digital-nomad-visa-insurance/,да
is tenerife in europe for travel insurance,en,/en/blog/travel-insurance-tenerife/,100,,
canary islands travel insurance,en,/en/blog/travel-insurance-tenerife/,100,,
health insurance student visa spain,en,/en/blog/student-visa-insurance-spain/,100,,
student insurance spain,en,/en/blog/student-visa-insurance-spain/,100,,
is tenerife classed as spain for travel insurance,en,/en/blog/travel-insurance-tenerife/,100,,
what is a public health charge in tenerife,en,/en/blog/private-vs-public-healthcare-spain/,100,,
reimbursement rehabilitation spain,en,/en/blog/reimbursement-health-insurance-spain/,100,,
seguro dnv,es,/es/blog/digital-nomad-visa-insurance/,3,https://segurotenerife.com/es/blog/digital-nomad-visa-insurance/,да
seguro digital nomad visa,es,/es/blog/digital-nomad-visa-insurance/,9,https://segurotenerife.com/es/blog/digital-nomad-visa-insurance/,да
sanidad privada,es,/es/blog/private-vs-public-healthcare-spain/,10,https://segurotenerife.com/es/blog/private-vs-public-healthcare-spain/,да
asegurar el futuro de la familia en tenerife,es,/es/blog/family-insurance-tenerife/,16,https://segurotenerife.com/es/blog/family-insurance-tenerife/,да
seguro de hospitalizacion,es,/es/blog/hospitalization-cash-insurance-spain/,27,https://segurotenerife.com/es/blog/hospitalization-cash-insurance-spain/,да
seguros para visa nomada digital espana,es,/es/blog/digital-nomad-visa-insurance/,61,https://segurotenerife.com/es/blog/digital-nomad-visa-insurance/,да
seguro de vida en tenerife,es,/es/blog/life-insurance-spain/,75,https://segurotenerife.com/es/,нет
seguros de vida en tenerife,es,/es/blog/life-insurance-spain/,87,https://segurotenerife.com/,нет
cambiar de mutua medica,es,/es/blog/how-to-switch-health-insurance-spain/,100,,
seguro dental que cubra implantes,es,/es/blog/dental-implants-insurance-spain/,100,,
cuadro médico,es,/es/blog/what-is-cuadro-medico-spain/,100,,
precio de implantes con seguro dental,es,/es/blog/dental-implants-insurance-spain/,100,,
cuanto cuesta un seguro medico,es,/es/blog/health-insurance-cost-spain/,100,,
seguro médico obligatorio para visado de estudiante españa,es,/es/blog/student-visa-insurance-spain/,100,,
seguro medico para reagrupacion familiar,es,/es/blog/family-reunification-visa-insurance/,100,,
seguro viaje anual,es,/es/blog/annual-multi-trip-insurance-spain/,100,,
seguro decesos tenerife,es,/es/blog/funeral-insurance-spain/,100,,
похоронная страховка испания,ru,/blog/funeral-insurance-spain/,10,https://segurotenerife.com/blog/funeral-insurance-spain/,да
страховка для поездки в испанию,ru,/blog/travel-insurance-coming-to-spain/,100,,
является ли инфаркт несчастным случаем при страховании,ru,/blog/what-counts-as-accident-insurance-spain/,100,,
сколько стоит медицинская страховка в испании,ru,/blog/health-insurance-cost-spain/,100,,
страховка планирование беременности,ru,/blog/maternity-insurance-spain/,100,,
каренсия что это,ru,/blog/carencias-waiting-periods-spain/,100,,
туристична страховка на рік,uk,/uk/blog/annual-multi-trip-insurance-spain/,100,,
страхування аутономо,uk,/uk/blog/autonomo-business-insurance/,100,,
